year,team_id,team_name,payroll
2017,ARI,Arizona Diamondbacks,90730499
2017,ATL,Atlanta Braves,137339527
2017,BAL,Baltimore Orioles,161684185
2017,BOS,Boston Red Sox,174287098
2017,CHA,Chicago White Sox,109591167
2017,CHN,Chicago Cubs,170088502
2017,CIN,Cincinnati Reds,82375785
2017,CLE,Cleveland Indians,115991166
2017,COL,Colorado Rockies,101513571
2017,DET,Detroit Tigers,180250600
2017,HOU,Houston Astros,127443900
2017,KCA,Kansas City Royals,132091916
2017,LAA,Los Angeles Angels,143965833
2017,LAN,Los Angeles Dodgers,187989811
2017,MIA,Miami Marlins,115348302
2017,MIL,Milwaukee Brewers,61020089
2017,MIN,Minnesota Twins,100787500
2017,NYA,New York Yankees,170389199
2017,NYN,New York Mets,176284679
2017,OAK,Oakland Athletics,70601667
2017,PHI,Philadelphia Phillies,87418378
2017,PIT,Pittsburgh Pirates,94637833
2017,SDN,San Diego Padres,34574400
2017,SEA,Seattle Mariners,155207720
2017,SFN,San Francisco Giants,176531278
2017,SLN,St. Louis Cardinals,146630000
2017,TBA,Tampa Bay Rays,69982520
2017,TEX,Texas Rangers,178431396
2017,TOR,Toronto Blue Jays,162353367
2017,WAS,Washington Nationals,162742157
2018,ARI,Arizona Diamondbacks,132495446
2018,ATL,Atlanta Braves,120542785
2018,BAL,Baltimore Orioles,143600045
2018,BOS,Boston Red Sox,235649368
2018,CHA,Chicago White Sox,72177640
2018,CHN,Chicago Cubs,183463459
2018,CIN,Cincinnati Reds,101185579
2018,CLE,Cleveland Indians,137346173
2018,COL,Colorado Rockies,141339833
2018,DET,Detroit Tigers,129917192
2018,HOU,Houston Astros,159529730
2018,KCA,Kansas City Royals,129967987
2018,LAA,Los Angeles Angels,174592209
2018,LAN,Los Angeles Dodgers,186138211
2018,MIA,Miami Marlins,98826644
2018,MIL,Milwaukee Brewers,90237112
2018,MIN,Minnesota Twins,131374996
2018,NYA,New York Yankees,168541038
2018,NYN,New York Mets,155765125
2018,OAK,Oakland Athletics,68534631
2018,PHI,Philadelphia Phillies,96848371
2018,PIT,Pittsburgh Pirates,87860654
2018,SDN,San Diego Padres,96131798
2018,SEA,Seattle Mariners,162480174
2018,SFN,San Francisco Giants,208509901
2018,SLN,St. Louis Cardinals,161005146
2018,TBA,Tampa Bay Rays,78231049
2018,TEX,Texas Rangers,144498078
2018,TOR,Toronto Blue Jays,162664502
2018,WAS,Washington Nationals,181586759
2019,ARI,Arizona Diamondbacks,123932983
2019,ATL,Atlanta Braves,113778369
2019,BAL,Baltimore Orioles,72722906
2019,BOS,Boston Red Sox,222171123
2019,CHA,Chicago White Sox,89354534
2019,CHN,Chicago Cubs,210358488
2019,CIN,Cincinnati Reds,126423214
2019,CLE,Cleveland Indians,119241701
2019,COL,Colorado Rockies,147433009
2019,DET,Detroit Tigers,116478400
2019,HOU,Houston Astros,160774666
2019,KCA,Kansas City Royals,100658316
2019,LAA,Los Angeles Angels,159378583
2019,LAN,Los Angeles Dodgers,196729548
2019,MIA,Miami Marlins,72449404
2019,MIL,Milwaukee Brewers,124755400
2019,MIN,Minnesota Twins,121276933
2019,NYA,New York Yankees,208084848
2019,NYN,New York Mets,158999270
2019,OAK,Oakland Athletics,92318333
2019,PHI,Philadelphia Phillies,140711962
2019,PIT,Pittsburgh Pirates,76589154
2019,SDN,San Diego Padres,99205017
2019,SEA,Seattle Mariners,150906143
2019,SFN,San Francisco Giants,178286222
2019,SLN,St. Louis Cardinals,162830430
2019,TBA,Tampa Bay Rays,60444931
2019,TEX,Texas Rangers,127660652
2019,TOR,Toronto Blue Jays,112037006
2019,WAS,Washington Nationals,161877935
2020,ARI,Arizona Diamondbacks,86471066
2020,ATL,Atlanta Braves,149466875
2020,BAL,Baltimore Orioles,52415682
2020,BOS,Boston Red Sox,120361000
2020,CHA,Chicago White Sox,120898499
2020,CHN,Chicago Cubs,188959500
2020,CIN,Cincinnati Reds,143143673
2020,CLE,Cleveland Indians,89004234
2020,COL,Colorado Rockies,136399833
2020,DET,Detroit Tigers,96832300
2020,HOU,Houston Astros,212321933
2020,KCA,Kansas City Royals,83278225
2020,LAA,Los Angeles Angels,176329344
2020,LAN,Los Angeles Dodgers,189065000
2020,MIA,Miami Marlins,47861700
2020,MIL,Milwaukee Brewers,97535926
2020,MIN,Minnesota Twins,127610333
2020,NYA,New York Yankees,214291339
2020,NYN,New York Mets,142288337
2020,OAK,Oakland Athletics,94318433
2020,PHI,Philadelphia Phillies,152877962
2020,PIT,Pittsburgh Pirates,42119000
2020,SDN,San Diego Padres,140317600
2020,SEA,Seattle Mariners,70343800
2020,SFN,San Francisco Giants,144994027
2020,SLN,St. Louis Cardinals,160781766
2020,TBA,Tampa Bay Rays,65812166
2020,TEX,Texas Rangers,137834500
2020,TOR,Toronto Blue Jays,92582371
2020,WAS,Washington Nationals,159242411
2021,ARI,Arizona Diamondbacks,94394792
2021,ATL,Atlanta Braves,132458375
2021,BAL,Baltimore Orioles,56158500
2021,BOS,Boston Red Sox,179540260
2021,CHA,Chicago White Sox,127148334
2021,CHN,Chicago Cubs,156481585
2021,CIN,Cincinnati Reds,123575488
2021,CLE,Cleveland Indians,51269100
2021,COL,Colorado Rockies,110309500
2021,DET,Detroit Tigers,80866200
2021,HOU,Houston Astros,176495417
2021,KCA,Kansas City Royals,89496700
2021,LAA,Los Angeles Angels,180609676
2021,LAN,Los Angeles Dodgers,241372403
2021,MIA,Miami Marlins,57481750
2021,MIL,Milwaukee Brewers,93818038
2021,MIN,Minnesota Twins,125153166
2021,NYA,New York Yankees,201074956
2021,NYN,New York Mets,186001814
2021,OAK,Oakland Athletics,82983674
2021,PHI,Philadelphia Phillies,174808832
2021,PIT,Pittsburgh Pirates,45599000
2021,SDN,San Diego Padres,175713986
2021,SEA,Seattle Mariners,83603100
2021,SFN,San Francisco Giants,149937613
2021,SLN,St. Louis Cardinals,164972833
2021,TBA,Tampa Bay Rays,66820709
2021,TEX,Texas Rangers,97796971
2021,TOR,Toronto Blue Jays,139646569
2021,WAS,Washington Nationals,179557685
2022,ARI,Arizona Diamondbacks,77393333
2022,ATL,Atlanta Braves,175335000
2022,BAL,Baltimore Orioles,41421166
2022,BOS,Boston Red Sox,201616000
2022,CHA,Chicago White Sox,190760734
2022,CHN,Chicago Cubs,141810000
2022,CIN,Cincinnati Reds,113580000
2022,CLE,Cleveland Guardians,57710000
2022,COL,Colorado Rockies,137852166
2022,DET,Detroit Tigers,128640000
2022,HOU,Houston Astros,171639599
2022,KCA,Kansas City Royals,84610000
2022,LAA,Los Angeles Angels,187613094
2022,LAN,Los Angeles Dodgers,285508333
2022,MIA,Miami Marlins,79500000
2022,MIL,Milwaukee Brewers,128581128
2022,MIN,Minnesota Twins,130984524
2022,NYA,New York Yankees,240290714
2022,NYN,New York Mets,255919999
2022,OAK,Oakland Athletics,32548334
2022,PHI,Philadelphia Phillies,221738462
2022,PIT,Pittsburgh Pirates,38575000
2022,SDN,San Diego Padres,202172618
2022,SEA,Seattle Mariners,92745714
2022,SFN,San Francisco Giants,142292500
2022,SLN,St. Louis Cardinals,150746666
2022,TBA,Tampa Bay Rays,75347813
2022,TEX,Texas Rangers,134961333
2022,TOR,Toronto Blue Jays,164470905
2022,WAS,Washington Nationals,114623095
2023,ARI,Arizona Diamondbacks,103763571
2023,OAK,Oakland Athletics,43145000
2023,ATL,Atlanta Braves,193477500
2023,BAL,Baltimore Orioles,52157966
2023,BOS,Boston Red Sox,167533182
2023,CHA,Chicago White Sox,174911666
2023,CHN,Chicago Cubs,170365000
2023,CIN,Cincinnati Reds,70624500
2023,CLE,Cleveland Guardians,75010000
2023,COL,Colorado Rockies,166250466
2023,DET,Detroit Tigers,105338500
2023,HOU,Houston Astros,180888333
2023,KCA,Kansas City Royals,75825000
2023,LAA,Los Angeles Angels,204088094
2023,LAN,Los Angeles Dodgers,217612634
2023,MIA,Miami Marlins,81075000
2023,MIL,Milwaukee Brewers,108644960
2023,MIN,Minnesota Twins,141271190
2023,NYA,New York Yankees,268954047
2023,NYN,New York Mets,334233332
2023,PHI,Philadelphia Phillies,232424939
2023,PIT,Pittsburgh Pirates,60787500
2023,SDN,San Diego Padres,236962024
2023,SEA,Seattle Mariners,129814047
2023,SFN,San Francisco Giants,175590000
2023,SLN,St. Louis Cardinals,147770834
2023,TBA,Tampa Bay Rays,64652911
2023,TEX,Texas Rangers,183578160
2023,TOR,Toronto Blue Jays,205680777
2023,WAS,Washington Nationals,78983095
2024,ARI,Arizona Diamondbacks,165611416
2024,OAK,Oakland Athletics,61945000
2024,ATL,Atlanta Braves,229257043
2024,BAL,Baltimore Orioles,100476440
2024,BOS,Boston Red Sox,177760347
2024,CHA,Chicago White Sox,128990283
2024,CHN,Chicago Cubs,224452543
2024,CIN,Cincinnati Reds,101615833
2024,CLE,Cleveland Guardians,99843528
2024,COL,Colorado Rockies,142285285
2024,DET,Detroit Tigers,105684833
2024,HOU,Houston Astros,249515241
2024,KCA,Kansas City Royals,115703220
2024,LAA,Los Angeles Angels,167918094
2024,LAN,Los Angeles Dodgers,225204220
2024,MIA,Miami Marlins,96694352
2024,MIL,Milwaukee Brewers,104046560
2024,MIN,Minnesota Twins,128034633
2024,NYA,New York Yankees,305444574
2024,NYN,New York Mets,307792124
2024,PHI,Philadelphia Phillies,245200613
2024,PIT,Pittsburgh Pirates,83272737
2024,SDN,San Diego Padres,160549153
2024,SEA,Seattle Mariners,141365433
2024,SFN,San Francisco Giants,198419831
2024,SLN,St. Louis Cardinals,175517567
2024,TBA,Tampa Bay Rays,98523712
2024,TEX,Texas Rangers,229972500
2024,TOR,Toronto Blue Jays,227175884
2024,WAS,Washington Nationals,108298672
2025,ARI,Arizona Diamondbacks,184159359
2025,ATH,Athletics,74036474
2025,ATL,Atlanta Braves,215256393
2025,BAL,Baltimore Orioles,164267878
2025,BOS,Boston Red Sox,197964402
2025,CHA,Chicago White Sox,73703990
2025,CHN,Chicago Cubs,192720128
2025,CIN,Cincinnati Reds,116673117
2025,CLE,Cleveland Guardians,99590961
2025,COL,Colorado Rockies,121474126
2025,DET,Detroit Tigers,143669965
2025,HOU,Houston Astros,218642604
2025,KCA,Kansas City Royals,126410770
2025,LAA,Los Angeles Angels,192402601
2025,LAN,Los Angeles Dodgers,331013580
2025,MIA,Miami Marlins,68004097
2025,MIL,Milwaukee Brewers,110839368
2025,MIN,Minnesota Twins,145863554
2025,NYA,New York Yankees,287547080
2025,NYN,New York Mets,321594220
2025,PHI,Philadelphia Phillies,283231784
2025,PIT,Pittsburgh Pirates,83761012
2025,SDN,San Diego Padres,209332417
2025,SEA,Seattle Mariners,147901560
2025,SFN,San Francisco Giants,169919523
2025,SLN,St. Louis Cardinals,135860188
2025,TBA,Tampa Bay Rays,88729437
2025,TEX,Texas Rangers,214389983
2025,TOR,Toronto Blue Jays,243329047
2025,WAS,Washington Nationals,113027012
2026,ARI,Arizona Diamondbacks,232680420
2026,ATH,Athletics,136029542
2026,ATL,Atlanta Braves,246555515
2026,BAL,Baltimore Orioles,217666181
2026,BOS,Boston Red Sox,266101898
2026,CHA,Chicago White Sox,108379653
2026,CHN,Chicago Cubs,248474822
2026,CIN,Cincinnati Reds,148667572
2026,CLE,Cleveland Guardians,87827999
2026,COL,Colorado Rockies,131609949
2026,DET,Detroit Tigers,239806674
2026,HOU,Houston Astros,235133199
2026,KCA,Kansas City Royals,183197498
2026,LAA,Los Angeles Angels,194530851
2026,LAN,Los Angeles Dodgers,415212461
2026,MIA,Miami Marlins,81941404
2026,MIL,Milwaukee Brewers,139000376
2026,MIN,Minnesota Twins,123266143
2026,NYA,New York Yankees,337140544
2026,NYN,New York Mets,381002101
2026,PHI,Philadelphia Phillies,313201706
2026,PIT,Pittsburgh Pirates,134501207
2026,SDN,San Diego Padres,255992138
2026,SEA,Seattle Mariners,197631230
2026,SFN,San Francisco Giants,229003270
2026,SLN,St. Louis Cardinals,111559321
2026,TBA,Tampa Bay Rays,108325756
2026,TEX,Texas Rangers,202378541
2026,TOR,Toronto Blue Jays,309484438
2026,WAS,Washington Nationals,114624471
